{
    "nominal_gates_pos_and_type": [
        [
            0.45,
            -1.0,
            0,
            0,
            0,
            2.35,
            1
        ],
        [
            1.0,
            -1.55,
            0,
            0,
            0,
            -0.78,
            0
        ],
        [
            0.0,
            0.5,
            0,
            0,
            0,
            0,
            1
        ],
        [
            -0.5,
            -0.5,
            0,
            0,
            0,
            3.14,
            0
        ]
    ],
    "nomial_obstacle_pos": [
        [
            1.0,
            -0.5,
            0,
            0,
            0,
            0
        ],
        [
            0.5,
            -1.5,
            0,
            0,
            0,
            0
        ],
        [
            -0.5,
            0,
            0,
            0,
            0,
            0
        ],
        [
            0,
            1.0,
            0,
            0,
            0,
            0
        ]
    ],
    "chekpoints": [
        [
            1,
            1,
            0.2
        ],
        [
            0.556721,
            -0.89459304,
            0.525
        ],
        [
            0.343279,
            -1.10540696,
            0.525
        ],
        [
            0.89450809,
            -1.65663703,
            1
        ],
        [
            1.10549191,
            -1.44336297,
            1
        ],
        [
            0,
            0.35,
            0.525
        ],
        [
            0,
            0.65,
            0.525
        ]
    ]
}